planetlab         |The root authority
	jp                |Japan authority
		naist             |Nara Institute of Science and Technology                                                          |http://inet-lab.naist.jp/                                             
		nict              |National Institute of Information and Communications Technology                                   |http://www.nict.go.jp/                                                
		osaka             |Osaka University                                                                                  |http://www.ist.osaka-u.ac.jp                                          
		wide              |WIDE Project                                                                                      |http://www.wide.ad.jp/                                                
		plcolojgnsendai   |PlanetLab Colo - NICT JGN2 Sendai                                                                 |                                                                      
		plcolojgnnagoya   |PlanetLab Colo - NICT JGN2 Nagoya                                                                 |                                                                      
		plcolojgnosaka    |PlanetLab Colo - NICT JGN2 Osaka                                                                  |                                                                      
		plcolojgnokayama  |PlanetLab Colo - NICT JGN2 Okayama                                                                |                                                                      
		plcolojgnhiroshima |PlanetLab Colo - NICT JGN2 Hiroshima                                                              |                                                                      
		plcolojgnkochi    |PlanetLab Colo - NICT JGN2 Kochi                                                                  |                                                                      
		plcolojgnfukuoka  |PlanetLab Colo - NICT JGN2 Fukuoka                                                                |                                                                      
		plcolotppoznan    |PlanetLab Colo - TP Poznan                                                                        |http://www.tp-ir.pl/index.php?page=index&lang=en                      
		plcolotppiotrkow  |PlanetLab Colo - TP Piotrkow Trybunalski                                                          |http://www.tp-ir.pl/index.php?page=index&lang=en                      
		plcolotpgdansk    |PlanetLab Colo - TP Gdansk                                                                        |http://www.tp-ir.pl/index.php?page=index&lang=en                      
		waseda            |Waseda University                                                                                 |http://www.waseda.jp/                                                 
		keio              |Keio University                                                                                   |http://www.sfc.wide.ad.jp                                             
		utokyo            |University of Tokyo                                                                               |http://www.planet-lab-jp.org                                          
		jaist             |Japan Advanced Institute of Science and Technology (JAIST)                                        |http://www.jaist.ac.jp                                                
	us                |US authority
		uwaccretivedsl    |University of Washington - Accretive DSL                                                          |http://www.cs.washington.edu/                                         
		irp               |Intel Research Pittsburgh                                                                         |http://www.intel-research.net/pittsburgh/                             
		cernetneu         |CERNET - Northeast University                                                                     |http://www.neu.edu.cn/english/                                        
		utxsa             |University of Texas at San Antonio                                                                |http://www.utsa.edu                                                   
		att               |AT&T Labs--Research                                                                               |http://www.research.att.com                                           
		vanderbilt        |Vanderbilt University                                                                             |http://www.vuse.vanderbilt.edu                                        
		uci               |University of California, Irvine                                                                  |http://www.ics.uci.edu/~lbao/planetlab/                               
		uclaee            |UCLA - EE                                                                                         |http://cantor.ee.ucla.edu/~networks/                                  
		ucla              |University of California at Los Angeles                                                           |http://www.cs.ucla.edu/                                               
		ccny              |City College of the City University of New York                                                   |http://www.ccny.cuny.edu/cint/                                        
		michigan          |University of Michigan                                                                            |http://www.eecs.umich.edu/                                            
		columbia          |Columbia University                                                                               |http://www.cs.columbia.edu/                                           
		northwestern      |Northwestern University at Illinois                                                               |http://www.cs.northwestern.edu/                                       
		rpi               |Rensselaer Polytechnic Institute                                                                  |http://networks.ecse.rpi.edu/                                         
		rice              |Rice University                                                                                   |http://www.cs.rice.edu/                                               
		brown             |Brown University                                                                                  |http://cs.brown.edu/                                                  
		uvic              |University of Victoria                                                                            |http://www.uvic.ca                                                    
		stevens           |Stevens Institute of Technology                                                                   |http://www.cs.stevens-tech.edu                                        
		colorado          |University of Colorado at Boulder                                                                 |http://serl.cs.colorado.edu                                           
		orbit             |Orbit                                                                                             |http://www.orbit-lab.org                                              
		bu                |Boston University                                                                                 |http://www.cs.bu.edu/                                                 
		aub               |American University of Beirut                                                                     |http://www.aub.edu.lb                                                 
		jhuis             |Johns Hopkins Information Security Institute                                                      |http://www.cs.jhu.edu/                                                
		ucd               |University of California, Davis                                                                   |http://engineering.ucdavis.edu                                        
		utah              |University of Utah                                                                                |http://www.cs.utah.edu/                                               
		tky               |new site for testing purposes                                                                     |tokyo.com                                                             
	eu                |Europe authority
		eurecom           |Eurecom Institute                                                                                 |http://www.eurecom.fr                                                 
		inria             |INRIA Sophia Antipolis                                                                            |http://www-sop.inria.fr/                                              
		ethzcs            |ETH Zuerich - Computer Science                                                                    |http://www.inf.ethz.ch                                                
		basel             |University of Basel, Switzerland                                                                  |http://cn.cs.unibas.ch/                                               
		enst              |Ecole Nationale Superieure des Telecommunications                                                 |http://www.enst.fr                                                    
		unizh             |University of Zurich, Institut fur Informatik                                                     |http://www.csg.uzh.ch/                                                
		moscowstate       |Moscow State University                                                                           |http://www.cs.msu.ru/                                                 
		msuchem           |Moscow State University, Chemistry                                                                |http://lcc.chem.msu.ru                                                
		hawh              |HAW Hamburg                                                                                       |http://www.haw-hamburg.de                                             
		bamberg           |University of Bamberg                                                                             |http://www.uni-bamberg.de/wiai/minf                                   
		budapest          |Budapest University of Technology and Economics                                                   |http://www.tmit.bme.hu/home!eng                                       
		upb               |University of Paderborn                                                                           |http://www.uni-paderborn.de                                           
		tcd               |Trinity College Dublin                                                                            |http://www.cs.tcd.ie                                                  
		irisa             |IRISA                                                                                             |http://www.irisa.fr                                                   
		cesnet            |CESNET - Czech Education and Research Network                                                     |http://www.ces.net/about/                                             
		aston             |Aston University                                                                                  |http://www.aston.ac.uk/~pengx1/DSN-project                            
		univie            |University of Vienna                                                                              |http://www.cs.univie.ac.at                                            
		lisbon            |University of Lisbon                                                                              |http://lasige.di.fc.ul.pt                                             
		konstanz          |University of Konstanz                                                                            |http://www.uni-konstanz.de                                            
		fokus             |Fraunhofer FOKUS - Research Institute for Open Communication Systems                              |http://www.fokus.fraunhofer.de                                        
	snummlab          |Seoul National University - MMLAB                                                                 |http://mmlab.snu.ac.kr/                                               
	qub               |Queen's University Belfast                                                                        |http://www.qub.ac.uk/schools/eeecs/                                   
	sydney            |University of Technology at Sydney                                                                |http://www.it.uts.edu.au/                                             
	canterbury        |University of Canterbury, New Zealand                                                             |http://www.cosc.canterbury.ac.nz/                                     
	fing              |Facultad de Ingenieria - Universidad de la Republica                                              |http://www.fing.edu.uy                                                
	haifa             |Haifa University                                                                                  |http://www.haifa.ac.il                                                
	iitr              |Indian Institute of Technology Roorkee                                                            |http://www.iitr.ac.in                                                 
	tau               |Tel-Aviv University                                                                               |http://www.cs.tau.ac.il                                               
	canarie           |CANARIE                                                                                           |http://www.canarie.ca                                                 
	ntu               |National Taiwan University, Department of Information Management                                  |http://www.im.ntu.edu.tw/index_e.htm                                  
	equinixsi         |Equinix - Singapore                                                                               |                                                                      
	icavite           |Intel - Cavite                                                                                    |                                                                      
	ihaifa            |Intel - Haifa                                                                                     |                                                                      
	ileixlip          |Intel - Leixlip                                                                                   |                                                                      
	ula               |Centro Nacional de Calculo Cientifico Universidad de Los Andes                                    |http://www.cecalc.ula.ve/                                             
	canariecalgary    |Canarie - Calgary                                                                                 |http://www.canarie.ca                                                 
	canarieottawa     |Canarie - Ottawa                                                                                  |http://www.canarie.ca                                                 
	canariehalifax    |Canarie - Halifax                                                                                 |http://www.canarie.ca                                                 
	canariemontreal   |Canarie - Montreal                                                                                |http://www.canarie.ca                                                 
	canarietoronto    |Canarie - Toronto                                                                                 |http://www.canarie.ca                                                 
	canariewinnipeg   |Canarie - Winnipeg                                                                                |http://www.canarie.ca                                                 
	unioslo           |University of Oslo                                                                                |http://www.ifi.uio.no/dmms                                            
	buaa              |BeiHang University                                                                                |http://www.nlsde.buaa.edu.cn                                          
	cernetxjtu        |CERNET - XiAn Jiao Tong University                                                                |http://www.xjtu.edu.cn/en/                                            
	cernetsdu         |CERNET - Shandong University                                                                      |http://www.sdu.edu.cn/english/                                        
	cernetpku         |CERNET - Peiking University                                                                       |http://en.pku.edu.cn/                                                 
	cernetbuaa        |CERNET - Beihang University                                                                       |http://ev.buaa.edu.cn/                                                
	cernetzju         |CERNET - Zhejiang University                                                                      |http://www.zju.edu.cn/english/                                        
	cernetxmu         |CERNET - Xiamen University                                                                        |http://www.xmu.edu.cn/english/index.htm                               